,precision,recall,f1-score,support
Normal,0.9666666666666667,0.9879759519038076,0.9772051536174431,499.0
OSCC,0.9886578449905482,0.9685185185185186,0.9784845650140318,540.0
accuracy,0.9778633301251203,0.9778633301251203,0.9778633301251203,0.9778633301251203
macro avg,0.9776622558286074,0.9782472352111631,0.9778448593157374,1039.0
weighted avg,0.9780961529947668,0.9778633301251203,0.9778701027552275,1039.0
